{
  "eval_loss": 3.0787675380706787,
  "eval_f1": 0.0,
  "eval_precision": 0.0,
  "eval_recall": 0.0,
  "eval_accuracy": 0.04854368932038835,
  "eval_runtime": 1.1606,
  "eval_samples_per_second": 6.031,
  "eval_steps_per_second": 0.862,
  "epoch": 5.0
}